id,name,value
180530,EUaysGwlvV,91
171312,uUAXJHnOZh,90
775613,UwRPfaFDLs,20
907157,yFDvceNOvM,63
872329,EODKCPKQDd,17
395235,UDnGPYCZYg,55
314476,WyFiijwFGE,94
457920,rzgtPqWfZw,75
227237,noNTAjlgqy,4
820141,RduEnhGSsL,3
99786,ghPcNvbGiC,49
238374,ojkkVLKJzB,99
834802,voPGMMdomU,2
930553,VoLPrtFdpU,69
937692,VKGsZGtfEK,30
313083,aUQsKgOxKx,31
31400,nPMOrRbYOH,14
162906,lignUWhTLi,1
455781,qMYlBfwdAM,63
627459,hfYAPrWqaW,53
280766,AvoOsYBthl,38
884056,NvdPnQdgiN,36
236517,GCalgZYkbV,29
761706,FLNRtrDIIV,49
174757,zKgwdfgscP,17
407000,onAWBbQyjN,44
894429,nUdRWBMWKe,96
6400,FvFzYxFQqu,4
177064,NtAdNVwqug,78
362323,uZpXGPPwrG,63
794476,cGSHCaaBSP,3
806189,MUznAnOHZw,84
911300,RpPpfjFyAm,23
173767,fCUEIUafgi,19
47935,EiuyrUJzin,50
314095,HjiaiTfcfg,50
293399,ECgCLebwbZ,83
53428,VnIACWaRFf,84
792350,kjBvUDVmjx,41
811787,WifWIAZwMh,35
479933,fjcnJKvOKa,12
489343,HaoFlmDITJ,44
731985,PhffGEaszM,88
950869,XtLLEwRzdb,72
834788,hJrAAgrEsM,68
435348,ddEoBTrwQV,81
249764,ahalFQVClD,50
106496,ZrsDFTIWXv,13
76715,kwjqQhqNJC,23
926020,WiADuayLJr,45
519519,WMSEIBvbBv,33
517458,bVAxQDgHRf,15
508187,pikxAonzDP,90
560440,hZjcvOzKVd,7
540414,auUfTGagUW,56
55056,qRRYhLbDAg,27
199528,tbbYzLuSyt,6
914985,xpZRrHnBgh,53
51086,EjeLshRjGa,48
180922,QbRMYQBdJd,23
252555,CarTBzsZDk,67
645810,XKlEdHPtEP,85
908466,btWEzOlgue,28
652526,CTPnIpJDZu,18
998219,KqMvudOoOF,72
459090,mxzSxRSteO,38
242240,vBCvUAMhYd,21
382433,DqtxMYKAcO,12
652847,mSSJyijOCB,58
85845,EkLshXQpeI,69
319355,xHWJqlGVHv,99
854847,yMHcidclkj,63
84406,pMQESkUFtr,44
857239,FAXynRzShj,11
49505,nXWlQHvmiy,6
924195,PaYAZHdYPP,71
617249,kYpXaQjTXO,4
123615,QwVDKCFhWC,32
94947,hiTjAfaAQa,100
968258,LrjYoJrxHk,13
369487,WWkfyVLVZO,20
183531,JMNJMubHRe,95
213588,WwvSuMsvgm,3
829082,DWEssGvPZt,12
413110,YFrICvrvlX,20
472411,tjhHicHpXv,81
823456,HNlhsOqcbs,16
634373,iDPvwmddRi,94
920210,SkchkDICXy,38
120408,SyiSyNzolU,17
289796,AHhhBGddkG,63
8303,YWccgDQuBh,16
750628,upNwgwkDgA,9
896123,bQuJTcwexb,71
508280,ZdqXKRSKKJ,43
696539,fTGnDkNAME,74
926716,llSxwCOkFH,72
985923,rlcSMZfpdD,93
342963,KzdCdnTwQU,33
842262,szYnvSaijb,57
781097,OtyRFKNPnt,47
642521,WDbxWMbrjz,97
544993,PdqBRiMtTA,19
632946,WomYHHoNRp,73
620054,BfdZDfqGkL,68
448978,zKibpoYPNc,35
14091,FZEUEDirbk,40
724732,EdImlUhbfJ,75
202109,xdSsiDZgrT,65
782687,RFbWQyfQrq,29
863141,mBxRjklbqe,69
750707,HfVOzUkZeb,73
67258,qgwLutYhsQ,44
985192,xTMCEnlnEQ,78
447356,eFwZrCweXI,47
389271,LlReAPaXwy,62
930264,jBVyJYplTM,18
108508,xMnbYwYlDe,24
864344,YSsrLTTfhR,93
196143,iORcPIjzVk,76
192157,EMMyDEcBni,50
41212,jwWqKElKXT,56
550539,XqkyyDDRbY,61
887224,PNyZDanAYQ,31
71901,LmlJCdDXPu,62
525348,cPPIxJKQJI,34
906481,hOLSjKJGWx,44
645105,lhQVnRZsiA,34
824784,xAXxfAvjkp,62
489248,PzOdIGRcHq,53
443461,gVztXLFPAB,74
593855,TLKwyXWmdl,80
739233,dJrfCANXDQ,6
422604,xoNQDrmmLG,84
956909,KTBhIXUoWQ,76
544337,RVrzYcRJLv,13
257762,tpomGRDHTi,72
650265,AGUfsPwWBD,92
428098,mAltGelNRC,57
301367,ctMLjfbGGr,82
701624,OmedEzztVd,88
314720,eNhgXYpHVc,1
364246,JhFYNSMfOV,71
960995,ZhCAyvqXlL,97
15254,JfYInbrlKU,37
955244,WUrAbhZmXb,60
448234,ggoTQPnrKC,24
2703,hyEJSfsOfA,42
271402,jbEMpdRQRn,88
81869,EJoHZPLSoz,5
947669,JupJUjxfxf,38
269942,xJVpRkBJQE,63
918653,IcvllfNcxi,72
898076,bdtHYDCAGu,99
915686,OboRqNBtPG,94
162017,tbkMpbPpvt,38
665765,HfLITtfxFl,93
616376,RfIpDuXLLf,52
956383,ZyoSRCUMwy,16
143357,uoxmwYNINB,94
265924,hrJttKOQSf,20
886137,MvZNrHUTYj,36
699156,VGjHirjsrG,93
500282,JfBsdgtoxk,57
453368,nCkonjpKQx,75
446916,TvIbAkXdpA,22
296526,OMILGtBmMb,0
647849,fQWvhveQmA,74
437647,tvADTeMWuq,25
396185,kkOBdSyunS,46
584529,QXsLzAefSF,60
825773,AhuyYrQfNu,33
124158,QLzNpywZyS,29
956848,LbLDRjNiHA,52
749637,FfFdFjIgCk,53
988589,xLAHJpADjh,82
37575,KdwgpuCRGb,8
346981,oxdSoyczHU,52
594448,NRvRLTNFRd,35
288103,kYczPVSeRf,63
595630,AaqRcmUfKa,71
842442,AxbcQHCjvn,34
798431,WrXKlanDOq,85
62630,uaIXWgqwGO,60
356494,HcXNKSGapp,85
792494,SvkiBwmEIL,16
557399,nIiXKYBorP,67
804058,QRYdAjvkvV,18
532892,jDPafrOfBE,95
101842,wKlUhTQumJ,3
812232,MIlgOYlrLu,64
261382,MIJwGSfiIT,65
838167,meYcPQGQUY,88
554167,PofEKhwXKU,72
877706,uiYzuzQlEV,61
527889,iarpsiICsd,21
986073,bpJBvhZdyn,37
773863,JcjQwTLpMm,13
218935,xKILJLznZW,89
686417,DcVNYmRvYj,35
106394,aVzNIafrOC,68
643222,GxbJAFTEmy,35
996298,wStzJdKMiD,82
958199,wRMvIexgzh,56
645879,PlVpioiGkJ,95
101075,fSxikSWKsf,1
347694,MuVAYYbwkd,79
700969,NFZfbWxgQC,27
717838,VHgaVnKYQQ,22
105700,YkBwVHBmVH,72
807305,ZBGvmhzxlz,44
986640,nAvzQEODUq,40
396589,ZixbyQJrhd,93
58238,KlpRHQhzWi,18
29185,wLlGyFQDii,73
197276,lVAtHsodOG,32
863564,ciPciCLKoX,44
675876,VaeKGUeAPu,78
964384,KBTqtLNZxZ,72
135017,tgAQxHRdXA,8
290554,kqIXHSgCUs,22
390112,wvCsUWjHVL,86
411901,jkfYPciNCk,1
361728,JJDtrEnNaz,50
688199,qUsZvhOPaq,92
560444,oZuVxlkYIp,0
280198,FDgPsIPNdD,67
982267,cYXMRiqION,93
982107,IPtKPwetqM,35
717939,xyhVjSjAJb,15
169245,WXLxqrroRQ,94
34723,RicDiQacgk,16
552218,pqGbxBsnwy,91
690300,tsSynzJGYW,40
555270,UglqAvpMgg,14
847287,nlYFbKldwr,34
919030,XGsTtsbjAg,37
531399,gHwwsqltfn,88
958358,KWfhMFuRqd,48
771694,SfPqRltggh,6
253065,OVarWBRHbS,24
105644,myymVCIElW,97
200238,bGOvoDISpG,44
964081,tEaQKxkwcU,7
333492,paLFXzWypJ,65
320659,uDiOkFqyUQ,9
404116,LQtCBiBfHO,55
704968,LzPudJyBZw,100
479943,cZEWKPrCYX,13
692164,bmVVDKYCOi,92
708999,nKkZxRyfYG,53
845126,ZOzHyRLqll,93
335656,ZnNlpbdhZD,46
971894,ThDucFfzAh,16
703763,WldyVadwDo,39
980096,DZCFNKGjTq,79
988022,PYGDOiZurw,76
110244,YTlwljbyCv,57
739748,ZCxyXqsavc,9
864109,YVsDSJPhbg,63
915180,HJkxOZhnry,13
396953,YjZWnymcye,59
655627,CPavXovnrd,78
756243,GtPviSrkWV,30
455526,zxstyHMITA,44
124328,XOiLlQMZmb,33
758478,pjBBxHtSIY,74
144316,wAtoxMnSAO,30
216972,uhKUWNxJtP,98
749443,CcSJddFQnc,3
417911,ghOWKbjaCb,97
688274,gQBucSnPaM,80
461403,kVMHMqYYGf,71
667864,EzswGzIPal,46
242477,MlSWevKKwJ,25
205305,lsnxKrNghC,71
717681,zbLhZLyaRg,27
100686,oCFyKxlPfq,92
750391,AkeobwHYgw,44
362987,isFxjMKGCg,0
906128,KAqVxKNhiW,16
43035,RCZSZyPwho,6
8404,QhjJTONmnz,69
487250,SoxFmPEGPp,18
463091,jmKoMaWShR,29
750745,FhAsGGbAbt,38
81424,FYStrYIDgi,99
796523,BqonwjBtjL,17
382578,qSUccNalhL,0
716501,uBgknYUwkm,56
385597,VnzfwpuDSK,68
461847,bgUPvNwKcN,3
291972,DzsjpMnelx,68
270123,tjUVbzVUfg,70
475578,aMqycfPaKb,10
796932,EeroMEgvgI,100
336297,AZRwGVUoqN,81
948576,zEKYEFtvGf,0
503828,bwKuYWtWWo,74
200556,dNujOtocZL,96
948818,ooozBarTTT,7
240335,yInsAJSbQY,91
88071,TLCNTiSNiu,63
513522,nesdFIlYMQ,24
571248,jCOxfOCfxY,19
184927,wVwUDsERPr,29
247145,SrhUqitcOB,88
835562,SewOToOkbG,90
125983,zLlhgiLPVR,8
221547,levEXXMePw,30
538982,PCBDEWOUGb,16
4440,jYPqPqBRMC,0
149871,EgnGmshORK,75
255944,TLpCBfvUbf,72
844145,GKGfGiLYSf,77
746950,EfWJKGjxFj,12
983677,ysPqonDppq,14
12731,HzBPSzqYOY,84
5411,jYsVvmaoTx,26
317295,hwIZrNGZny,82
55836,hoENlzQkEr,59
985757,PTJQgSRIOp,7
647939,uHoLETpDnC,93
667546,odkwyykZRJ,72
15017,VQKDUckyQQ,58
662239,krpTlWVklR,31
927095,JQQNrSyLxF,75
452616,fRKFzytUWR,26
388350,uPPcYVzyEs,42
741884,jJyWlouMeS,34
419398,ovaAZpzqrC,24
14009,nPWZOsFQLE,93
732522,SlJtCIbigl,55
168625,vsYsmsnqaQ,97
109279,eQrxjOOQjW,5
700010,izekyBiRiR,33
491483,kCQSnvqXAu,85
798086,aBDoCIrJqZ,59
231623,OzptoMgISY,98
517209,IVHneEYfZM,88
292639,FqJNmsvpRL,21
103587,WsiGkWMZoh,36
494267,sSMcUxEoZZ,14
200181,hgmDGIEZXA,50
618733,XEvGsTPGys,88
326064,NOUxwNJCHp,5
663318,LDBndymmiu,3
638547,hCITbUdCIf,15
841087,xHixKBvWBw,28
340464,vHWYUHaupP,76
584589,ZMXCyxgsra,20
887363,IXKGSqDmVS,92
811550,JgBnvnjPgg,81
580867,OESYLRdtQD,67
967669,rjeoyIlKzs,7
507162,jRQIctAfnc,86
557841,qxWQdAjAQN,41
15009,TcxMZmPVHm,39
806965,upYnEtXOwi,14
116242,vRbEAmYQtt,91
296872,ouvvaeqGJs,75
228820,sOItDDBszr,28
215293,nrFmoedGVx,43
696966,HHqPDMxLZq,47
462310,ZoOxgWOVUD,99
393157,aLkVzIzzaz,78
54374,CGhcOkJkCR,20
599085,fkdlyPscQv,54
859513,nCqKocckIe,20
238658,nXPigVizOL,36
172428,RdVACwLJYQ,19
477556,sicGyLSIAU,32
957511,uUvBlNoHHG,38
372392,GrTjdcfTJA,97
327154,ZZPzsGkfEW,26
799310,KhnuIdQsVE,69
885914,oqEpXkgChF,8
690394,TFHbtPKRBS,45
72259,ThCszNZyEk,70
873572,HdfDrrpyNs,63
940844,ajULJmJAeq,97
882979,owxXxbobkf,62
25571,hLRxeDTTCj,100
847681,sohVqjbVya,96
647006,fHdJhmbLST,34
508692,utiTFkZkHN,15
935080,PLvNGmDunN,28
990732,fsvsInBgdS,14
476435,PPadjmRWzV,55
364233,jdoqNACYXK,82
691295,ebXsgguwNi,93
11539,emoCLCTouf,31
887575,OXPVVQqlaD,77
392758,PCxxgLlCTl,40
910366,TLvpCIDurE,79
723789,XHuJJPmYxd,1
505166,pAiypqwWqt,91
547653,RdFdVyezyp,7
254824,TdyagoYxAS,48
627782,PrGKqQOsKW,32
107643,nBvnsFLwZv,16
817229,hnOwCLySTY,84
128270,zxftgzgOKv,16
257006,CUgCNVsNIV,74
824698,VwYXNAEkjd,28
189844,RbtdcYYKcZ,96
7050,HzjkpUJcsA,17
513090,fOLktCtDsn,17
745855,oOuEJVQtwz,90
676559,HxuwfWrxAE,73
992727,bAtWEMzueR,24
541385,KjFISYYWpn,94
737893,XkBLzdSlod,32
705356,lqzigEzOMG,59
120427,qTGLdAPYbo,28
176675,pbiQebUMaB,66
679596,FVwHNGrQvY,46
829105,iQaqWKAwps,85
382960,XZPzDEwkGo,81
842567,gyVMmsilbf,83
329918,betiSaaFdV,53
845415,aYafmjINxi,53
274281,lpDgaNNwuH,55
24005,STgVTVduic,7
917927,UrteBpOYQQ,94
998902,DMnDqvDnkA,84
322050,RXmrKqFGji,3
375101,PzfilDclqi,95
903259,FoLahwkrFS,61
393665,QdNPbzMEyr,100
339279,JSBkbkHWfB,46
94153,WdShnsAjXo,24
274011,ozYQEkfgvt,33
43383,UiUcVGzpuA,26
340146,LQSWWlIqpF,2
26583,YlzPIydXqG,100
991456,uQbnITpkHd,16
248908,iKHNHLNfli,96
794094,EqfnSfjtfv,2
389912,nDQcStcKgh,88
420192,gWOUyXTnni,52
699054,eueindqZwN,86
853561,MuSvZyNUPA,83
961936,nOLMMUynyZ,65
123426,jyPXYQTsrX,32
517161,LnvkYLRSaM,0
349053,thAAlUGoOY,7
25269,LAbbfUsfiZ,32
245089,yTlngZvHmp,42
189378,yBqkmdnniJ,4
504354,tZFgqMhSvP,48
759623,BmcSqaliST,81
200822,YFhvbwVGwz,13
709554,OjQlUBMpji,43
288956,NQapvofAZH,14
620316,kVRseyoGKm,94
699668,XvWbJuqhPi,58
770543,rMOcaCeBua,45
997590,vYSqShOcOs,77
105307,ZWbeNCiaft,98
573972,aQXwjPZMjz,87
194132,AUnrlJNJBC,8
740885,kZvOYLeKJu,86
25328,BUaAQnjMBU,33
438189,IDZkTpwusH,50
417784,vjhTYugNae,63
408762,seuhjVtDXI,57
288332,vkUoYVHRiO,12
916777,BGTALfIXGP,10
139049,CbiIjwMvBi,62
709129,wlrxuGZZyp,74
98801,PVzKyQITKR,4
88637,HnYRMhnQxc,37
643263,yskqBKdNUV,45
431702,EGYKQCBODC,28
242753,KSODZbDEga,94
372823,zQaLWEHRFD,94
649799,xUpnaHEJyf,17
602979,BybusedXLh,60
71666,yMOJneZToJ,32
613673,dLayGnLplW,27
970923,FgTDpZmdqW,53
595905,zMuywgrZQA,18
44289,TPTDhakUaA,10
847821,jxSJuZcxCq,31
217266,vQJTUTXlRj,27
32745,vRYQKytkam,12
498212,EWCDXtHzpW,70
454247,kadhcTtXMl,90
35722,qxqpQWEwyf,2
868319,nJpVtRryrN,46
53636,DoUgREVfFm,61
330876,GLEZDkISjJ,26
473250,JspzURcqhq,84
506683,opExachfxI,73
513603,mcRzDvLeRR,71
506916,EuqtUIGxQb,72
222434,jMBSVPpPvE,33
401179,wyKTnftLCU,39
635536,xblxFysfPQ,71
273755,KUZuKNPmST,19
173287,bKDNCqAshe,56
787582,RSiHzYaiRe,40
345973,CffKNFYXCy,78
534710,mAOrOrFgOP,3
748654,XzfgwsYzZT,89
575271,uEHdGHrwVM,44
211485,JuvksNNIdS,79
957838,mtkXWDChWp,87
710430,UPIfPloWEk,49
738598,sAKHegKsvW,12
734411,CeLxckGTaR,65
29310,AZyGQZfaMq,45
509609,fqFbPBRIhK,10
689339,SbcAVyDNAA,34
532969,eHNlkVZlqR,6
254650,ROnxyYvQXh,78
821775,yavczWcdZk,100
452903,QvkdmTkbTf,66
319795,WfbTufYoie,4
810091,NQNLmEZARg,69
467995,AeUWIKAmtE,92
506198,OIkRXzSmii,81
383153,qAxzvhiKaw,12
277184,HrfjQqIUGy,1
174294,BGqgyztMRI,94
668493,xpUVEzFwga,29
531581,JIzfOCtniB,53
302413,vrSbVuxcGW,20
662046,wmGxWYmJiF,59
261031,vDDCdiKlfr,71
662391,MDOlrTPulf,88
853672,ISxTcNXUZr,7
756656,ytIuTSiLuF,53
52908,hFNJkghraB,19
618025,RdCSpnHuvl,3
789564,kdxTzhPvcd,12
292971,qdavkZlYlx,27
680616,KEjWdnzkkw,59
298465,JmWYaibKbV,54
790549,kHirdSFkhv,10
914056,wGnqqoDvKK,55
452667,LUgSLbZlMu,25
845677,WvJZyScqrj,42
959285,IcJIzeeCZQ,41
143688,CRqiYduoFd,19
990958,aKqOSqYfZH,55
20245,DwWxnxQMHO,68
412548,ePgVAWaupi,52
838329,jVwppSsnRY,0
180017,dgGpLRXYFT,61
319709,HHTOeoBxxW,97
981662,ldosrjmtJq,52
310418,AdUCiAPQYc,9
774192,SRuFevHwXJ,34
39443,JpfOuoQdHN,36
739733,HUsfNIWypJ,88
682937,ehoIcMOzGB,29
428956,zjAwldSCqi,72
416781,nltBezeGRi,66
612074,hjDOErhpCB,42
143794,YlWhOwHpNd,45
173213,UbwYOnwiCW,91
222101,OcrgFRqRHY,83
218759,NkTmjMABhM,48
595112,QZLvsdyJEY,70
326977,hJOoTudVWL,90
41075,XcPetvRbVE,1
143442,NbsReXQZRZ,12
923187,ipcxGcQjmF,28
356861,LPyJnpnvCP,68
785516,WoeEXyJZNo,44
896506,OWutaHUMLc,90
622835,fDxTHEzwUr,8
277844,VAEQIFhQWa,74
416326,zlCsFFCUuT,18
231928,WgSqxHPFWx,83
988641,kofNkrujrK,26
116192,yxzMAnmuvc,33
987061,WqPabvyYXC,97
706850,XPqyTQSWRn,22
550785,kSQhjsKPLD,51
363279,ZHgJaLNxcT,44
544190,qBXQCVuYtK,27
376840,AVKwVsNzXO,81
291075,ITkDAQcYnS,40
61899,MgtVtxSyYA,36
552819,VJGbyDMGiP,92
207490,XGmVZOgDXy,23
354659,ckzskCbaDT,44
301225,lpDJDTrVIB,37
767056,ysSqdVSwyk,0
167625,rpQlTwcrTC,60
461224,PcRXQyOfgC,88
556968,XeiMKUCMZx,36
588606,HwYGiorOBS,1
35998,JPxBRpCUPQ,6
98027,QLJbbWRiJV,89
395817,RjlkJnKuyh,74
677692,vjADRokWLg,77
836668,ssOorrRfgA,4
668338,dHRJdavKrH,36
647593,MjtANtIZnx,58
866760,EkAHFoPCeL,66
938421,PNSBpjqwam,7
38523,ZNimxGOquj,31
638930,tvUNQgyfZc,97
652750,QMCKQyXTdH,70
645024,GPTXaujzBQ,53
139581,DXCcnCRXHy,46
224656,ujriQCflOp,59
214509,YKBbaCbiRY,39
711641,njnIuLvMUk,20
863290,SqQCWnFvKD,92
35710,hhWWVKkEJv,49
298203,BkQAabiPVz,14
40579,TNadhIluTl,9
742067,AQbJZScyyM,50
325891,NeOqDwZpGp,27
985761,QCNSgeTsgM,57
524144,NdfmznnrLS,17
881825,TlXIWRBXZB,77
44034,XZiBFfUqYv,78
47009,jYgFDjDZgV,36
336826,qxQNEZqkxo,62
294201,rxdxZWBDrs,54
331226,bZSwntIPjT,77
804425,KbmqNJCjfq,5
90540,GrolxmEqWh,22
283175,MlfMrSCMrW,48
307791,PZkedXnLax,53
960567,WagvyETFxR,81
419129,NLyWPaThLf,83
64237,gZfNeYMimR,37
712299,HMZRUjmifN,25
553869,mgxGITxaao,63
894232,nFzpBKTsdh,91
72079,YDdPYfyihC,44
644488,WnwKPgpMeL,26
727947,edkntqEbnb,16
214118,rZNoiVxjhD,37
331895,rUILflCupi,96
503935,yZljfxLJMp,91
347390,sbpugDuDMt,91
947228,dQpeuLOOpM,45
281099,RFoeOZNOlE,45
455417,THztYoZUwb,89
722665,ooGzFwCFuu,27
728058,SuGGUbNQoi,46
599757,ELBJbwiHrO,97
271418,gaKqHJiwOR,4
661302,XrpSrQHwaG,31
625225,XEccOMKtNR,90
569926,pqyeLLlLMQ,8
522008,NUcXXPNeNO,56
673460,glnhvjWMyn,72
380419,QVYdkVZQDd,8
653194,xsNMOsgKoW,31
957319,juLQzYXnnl,47
709867,spRjBGpeGr,52
115097,KohaMvLKSw,11
466168,ScJkhpwiFp,13
660964,oPxPAYKhLo,90
456549,gCUtqOprXC,48
152363,ApcvkgdVIu,1
86058,ruxvzRQvDo,23
62330,sPdIAZOdJX,13
308043,zauNdMZWpP,57
750554,DkZiDiEoNO,95
10251,jwjIOFdwiL,55
773379,kBiNvwfIIq,15
427596,zGUphMLxZR,86
451490,bXPqbnAbvq,82
706776,avHKGgqVkw,94
222860,LqmbVYTEDa,51
461651,dWAGvWSkdw,65
907401,GXYnIXjGqP,74
144202,NZoyQgjXut,68
523454,MFrzfPeKuV,49
35269,ntyPSPWMiM,89
119105,KTxDAwbAod,36
465618,iBwxfKCQfe,83
877206,iahZDGsorb,55
917079,RsvisqKagu,7
303266,BEQvxPDoeb,18
848381,EpiCaSgoTZ,81
773235,cazDiUKpjN,7
365451,nLZEoLZvRH,51
495655,DEexmCnIkN,51
168484,EBcVMNbUpB,77
460455,JplmDMRshP,36
291305,rHbrWUriOq,60
842381,ZlguMYkznA,0
13416,pldnwnwWWc,67
932077,vdWDKvMCHt,25
406380,CnTOCqhXAV,61
526229,DrYLkKqKlP,65
192664,xQjvYNymWV,33
695505,ETFgRkxTKe,47
338474,WmypWkSDru,11
839530,pSSqyjzbiu,79
609627,uToiBEOjcc,1
608557,tULHqniDTQ,94
846381,JdMLKuTFOi,24
480384,pAJXKWpCZc,87
645969,ywYSxJIEJC,72
537604,QcmvGkSESX,83
601364,TbcUggMDVo,17
563238,OMKHfOqqtw,97
303594,pzOMMnBBLM,84
14324,ZrmHLQescA,82
904602,sFyTWtHAor,85
843152,QyfaruIqUT,41
265946,mMOrGUTVss,94
983024,szfrpZBNCk,62
388053,xfFUyAGZBi,11
111032,wTCTrXvnDN,95
115775,SPzZOcdOcl,72
3070,ZqVymviwTf,90
969863,VMhmzgeOAX,46
404081,rObdWiXWbk,6
182571,EJCjFXUDrY,93
521781,ppluFoVjnt,20
953411,hZYUmasKZf,51
837940,uwquNvdoXb,100
720159,IBLwqKvwMT,39
31887,XHgCbiIxoW,61
634774,ybAuKfnAgo,41
517620,BJvZACJALW,3
371753,sjcGGUzDhJ,70
695077,GrnICEQpHK,10
202389,Rfodknfazw,36
130881,GffkZHkLLG,16
645850,FxSNMGywjf,67
725795,DOQppTkwym,3
109252,hIqCKnSiKY,40
949719,CzFablWIqu,78
664310,KNlplIfYii,12
359268,VUteeqjphy,38
868196,JCnGHgsIbh,91
43390,GmnLqpnoRl,45
308067,gLzAgZKqAX,49
944271,ORMKiZKDQG,30
556989,tmJjzcPEVX,99
746482,kTKDSTCzoz,9
91372,pQbOvecnoW,33
748033,fBDylDaqXd,46
289203,ZuScHJGyOI,96
704502,AprqnKCXNg,12
991769,wrtgqNtgAG,34
805193,tXNWVvXHMm,25
10612,kNMOdplFXO,61
677248,ejsohpkIfh,41
865022,mpsJkthIju,23
707397,hhhtrYkpuH,78
784625,gVGyfGwzek,35
227646,atskXvtvDq,62
375857,jRCuRFlTEL,66
499590,NQDPeByrWr,31
455195,nGFKkLcJfF,27
609715,tehLLwEXDk,71
12623,XgGmYUjytS,36
147784,TiTyYMtKgU,34
840099,JSXywlheOJ,88
264375,UUnRgAtFIe,63
9506,ILsQvuXLTa,77
516220,IEhSfWXjDX,16
371313,XZLAygshQJ,1
626723,lMKtdfxvAI,100
487521,kBzzZCaCSc,12
140145,AzvJKncVjw,87
663310,bLcGgHXcBp,88
292001,vSHJUbxhWo,8
762783,oHuNBZRlUJ,79
167141,sLEMHQAFLq,71
700103,PWwuGUzOfn,86
3455,oGGeFbbVSs,27
874842,wYgjszpmvr,49
134718,lWfxsLkuKO,39
204721,oSDrfvXqCY,100
182509,JLjgwucmFc,93
599050,vCzAjpPNVG,2
886068,rUohnGsUtp,33
61230,oRvmvyebge,51
155176,AbndChkpCw,29
877291,YbNOcByzlI,60
994752,fmyplUjohr,7
836810,IGMBgzftob,19
228055,xsXFOWARnC,54
263112,rAoOEYZAiM,31
341467,XjmtnkxxtC,66
303434,rbIwZcKxfN,21
113769,ZcLtNXtcOE,27
807521,vqwlLZotlI,3
679521,PNKmOebePu,13
988208,FIpWmMugNj,27
721866,fYaBVgjwLh,1
836569,ywKUHEGxwv,86
284286,QMCCOWxSrZ,95
532422,wIuToeNxUW,32
904327,mmRwttgyHX,70
957959,uTtTqFAUmw,98
791407,avEKgqUkrv,19
845055,GPVsYxdkWR,21
415122,sPkhVYhZkJ,1
390105,waELFDhnuO,45
118213,tPKqMWydiS,61
74320,RuqZoxdvjj,76
403445,bIdOoUqNQh,60
8266,VgkraUOVwt,79
601972,XYACJLZDVC,76
7296,htuCmqUJam,29
358542,GciMvHBHZR,70
280839,ckBJsgMqgS,3
552802,VvImIgzQJu,28
518858,genXCVRZNQ,10
405580,zGQIRdbDyw,1
681483,VsucoJyMOS,66
208444,SpoxIpUtlV,30
135552,XnRlqVaThb,65
799376,oYTuYmNKDZ,13
203157,nyxNEDIqXj,49
678055,ACqqfWVGbz,62
290740,NLCIokBJkh,38
160620,LyvHPnMjsl,58
390058,MHTXSHQJRX,13
609593,yPeFqeBWxo,99
689804,rHJbBFqLux,8
456285,GZYEMXacuf,2
559427,JglagDedqy,27
146593,zvGKcwhnmO,66
38155,CNuLeSAcrI,17
352831,qodcTiAhlP,93
789432,JrzdlWXTsa,31
343725,VXLbsubipt,76
66626,fHxjwIqGQD,69
815402,MahxSXdklX,6
316499,IwsupxjDrs,87
334180,DFwWgbtRpC,11
153868,OrCpNhZztq,22
604285,KSlJWzZkvK,40
440449,OuwcvEcyLC,31
745698,cUZBvmoyND,74
103648,eEmIZlZWqe,60
111414,hvGqykimhM,90
284654,HMAsXMXvux,19
525938,BbOOntasfl,8
947280,gljnNymsDu,92
287013,loUPfRqXZp,30
868249,GpqaHUqznv,0
816410,iSSFzRFQRX,67
888076,JcYVjNxQvq,39
244634,LaRcRbPolN,44
102747,ZTWPbLLBpX,92
148261,oFyqvXBdhZ,39
209127,DeLJdkcitr,9
263173,FvLIpXsUWz,76
593100,MwwSGWTgrX,66
845654,xSLqTrtHxI,81
351229,DSunLDDesW,63
656528,ProlbSSVYY,70
902971,itfuPKfOyO,10
513742,uyndyGvzDZ,31
317967,SPudrYfiwP,11
711679,FEvqhdfLrl,8
68600,uuJXspMMcq,4
155352,KmlxSAkwWL,54
521998,nRSwMhmfsS,65
986616,BTDhakGsyo,67
950688,YfHaYpWxiE,75
859765,sRnttVivco,33
789065,obhZfAgcHo,10
713133,HSrEljzDpX,58
727096,IyjXVchciD,78
366218,iEmnMMhOoO,45
63015,ECNeYUBeIk,62
871693,EHVJMSsUNL,42
257237,keaXjdowTF,63
693044,XSwCAcbIQL,72
306707,BywmAxGZxt,43
253822,OPdvdVMmjW,39
349025,HGsguCyanC,79
712851,sTYiSVcTMN,57
336465,HkKDEqZXVN,21
702016,RwqtBMrUrA,97
994074,ZzHpcPUXbu,94
347442,PIBWYTVpiB,16
123765,LMNllmDXOG,100
752542,fdEcDcBKlw,76
838397,KGbDkkwKJh,51
256122,uYuZHCVgYd,5
595652,NjbaXFBcsQ,36
842286,NduautFTvP,66
248194,aOlENMbCYp,68
692100,DNWciPhTFu,78
990639,TUtiuICJDt,87
638756,ZvRXKdDYOA,94
291117,LPqIoUiOEY,8
391248,ZpzBxQNUuM,80
37929,jgXhEtNMXN,88
434671,KskPbAzqlu,58
559638,aHtSHQClYU,89
678632,NptYyfGOiV,61
945448,MdpdRAxxZC,77
738814,RFaBDlwRHo,26
590017,ookidlenVi,53
317545,SXOHbABpZN,89
140105,YiFXIOOxNf,49
303565,wCfJPuDCbz,15
917426,teFHGyqnzv,73
381024,xJrkEXrljW,65
930360,UaNpWrgMLG,62
15070,jGYAUvohSA,19
456854,zCbFBrCcnm,0
817453,CHAlLUOxAG,93
216899,ZLSEXZwcJS,90
791701,fMduNihbvM,78
535844,JvYwLOcWZa,11
976108,JHBbuBrDvu,23
995004,JBfurqfQuP,55
897722,KbQCqwIekS,40
415581,hIVnAblEaS,46
745739,ieGPrBJSBM,13
294650,PbFhYcDjJv,19
675850,JcqWbzGVfP,4
724412,EmCnihhCla,69
757092,ATCtxtnuWf,56
960795,ymnBdvzxDV,36
637380,CsDiTHmmsr,58
343499,izUFUeWUWB,7
585566,OosJzoZJDh,96
226376,tNbPVlzLmF,63
915783,gizPpMeoqM,6
175573,VLtRcwtHET,37
950557,itKfuvaGuW,43
800197,WqjaiKmPuK,34
585743,FdumTfVTPy,31
91435,UlvGjfWcyz,57
679751,NIsFuAcEun,9
282249,KnLyWjbYMR,40
736854,XaSdSiJEzA,82
341930,NBFTcbrFVu,30
472987,ldeBsJtwzC,60
135005,xDBkuFqkMW,18
893746,EFLnzmpJwN,6
983935,zuOqIFeRgf,0
350100,UcSErvlsSq,79
663939,RHEuwqmeYt,67
5677,NkfpWJGeKc,81
30440,DafxWYKiKM,37
797775,qkIguAPZjn,58
621024,ZjEDesEmUm,6
248244,HQXyfvGiby,54
70458,QghIQbkNwU,59
735187,hXvGilwTaT,57
136486,TmKWrzXgWI,40
236911,xbkRMLdxMk,85
845934,SQXblPYIqQ,34
322255,WaeQKqDKXA,42
949240,ZGCofjVKwy,13
92266,gbrvrXwHFl,38
473955,rIaTwFIkFN,0
679351,aVGyLkkIVe,1
782128,iqTKfIzLSb,85
792884,rlHuoJmOFw,19
896056,ZwDgkBjEbM,47
169833,ZrpGNPRAam,79
465555,oOYORefbGE,91
247256,ryitMiLFgG,94
529274,JsSZWspcmv,19
580135,mvCVEwYAKo,92
848809,lIdpvZTRDb,58
722369,DycwbZRaKn,86
729122,gvvXlDhHib,58
981820,ndTllarDNS,10
881091,isSKfoyQCP,59
523806,PZUcJYTCuW,82
694596,kZHlvFvvap,63
503476,niZMkHwVQN,60
216877,VYmFvKjehJ,72
709567,CUryvOGTMS,58
318501,XXqJRMtHdl,78
350937,rNsKvNZUlq,26
280020,rATbvykSKZ,92
179434,jxHeIhKoQS,38
42638,QjIZSKZTKK,75
373118,WREmINoGVs,60
274514,lJbeQFzPck,45
837405,DDcqTmaKpv,72
198804,RbwXIDDlLa,54
488748,ntuCgfltOg,56
910539,dOdOMhyKME,41
771139,sQsmyLMtmf,20
165663,AnKAWVhkbu,77
866794,bbqiYMXetf,22
550515,tVcCXTjGPI,28
741230,QzxUzvmdom,53
42343,FVjqLmkpOf,24
306615,STPDCseRiX,47
